subreddit,sentiment_category,count
AI_Agents,negative,66
AI_Agents,neutral,1099
AI_Agents,positive,647
AIethics,negative,4
AIethics,neutral,27
AIethics,positive,20
ArtificialInteligence,negative,17399
ArtificialInteligence,neutral,129350
ArtificialInteligence,positive,70044
Astronomy,negative,5677
Astronomy,neutral,87202
Astronomy,positive,28177
ChatGPT,negative,133439
ChatGPT,neutral,1337919
ChatGPT,positive,369415
ComputerEngineering,negative,1012
ComputerEngineering,neutral,10143
ComputerEngineering,positive,5665
DataScienceMemes,negative,2
DataScienceMemes,neutral,121
DataScienceMemes,positive,6
EarthScience,negative,56
EarthScience,neutral,823
EarthScience,positive,279
ElectricalEngineering,negative,18917
ElectricalEngineering,neutral,153891
ElectricalEngineering,positive,62442
Entrepreneur,negative,47113
Entrepreneur,neutral,483076
Entrepreneur,positive,275685
EnvironmentalScience,negative,1
EnvironmentalScience,neutral,7
EnvironmentalScience,positive,2
Futurism,negative,738
Futurism,neutral,5240
Futurism,positive,2012
Futurology,negative,100042
Futurology,neutral,514343
Futurology,positive,208229
Innovation,negative,213
Innovation,neutral,4291
Innovation,positive,865
LLM,negative,75
LLM,neutral,249
LLM,positive,101
MLQuestions,negative,1081
MLQuestions,neutral,6138
MLQuestions,positive,3471
MachineLearning,negative,12320
MachineLearning,neutral,122787
MachineLearning,positive,42004
MaterialsScience,negative,161
MaterialsScience,neutral,1620
MaterialsScience,positive,869
MechanicalEngineering,negative,10641
MechanicalEngineering,neutral,97373
MechanicalEngineering,positive,44185
OpenAI,negative,27216
OpenAI,neutral,232111
OpenAI,positive,78066
Physics,negative,13537
Physics,neutral,121552
Physics,positive,45150
Python,negative,7934
Python,neutral,70562
Python,positive,38784
QuantumComputing,negative,962
QuantumComputing,neutral,8045
QuantumComputing,positive,3636
QuantumPhysics,negative,852
QuantumPhysics,neutral,8776
QuantumPhysics,positive,3622
TechEntrepreneur,negative,1
TechEntrepreneur,neutral,2
bigdata,negative,93
bigdata,neutral,1413
bigdata,positive,575
coding,negative,614
coding,neutral,6513
coding,positive,1860
computerscience,negative,4142
computerscience,neutral,23710
computerscience,positive,10059
cscareerquestions,negative,90536
cscareerquestions,neutral,610108
cscareerquestions,positive,240487
datascience,negative,15698
datascience,neutral,141658
datascience,positive,58919
deeplearning,negative,1916
deeplearning,neutral,21158
deeplearning,positive,8823
futurescience,negative,1
futurescience,neutral,3
futurescience,positive,3
gadgets,negative,29667
gadgets,neutral,221411
gadgets,positive,68106
genai,negative,15
genai,neutral,219
genai,positive,36
learnjava,negative,2281
learnjava,neutral,13537
learnjava,positive,10391
learnprogramming,negative,42517
learnprogramming,neutral,297026
learnprogramming,positive,150006
learnpython,negative,32090
learnpython,neutral,142151
learnpython,positive,60283
physicsmemes,negative,3752
physicsmemes,neutral,52450
physicsmemes,positive,9476
programming,negative,41223
programming,neutral,227061
programming,positive,82392
robotics,negative,3076
robotics,neutral,31299
robotics,positive,16368
science,negative,93537
science,neutral,538817
science,positive,174530
spaceflight,negative,789
spaceflight,neutral,7112
spaceflight,positive,2094
tech,negative,6006
tech,neutral,58832
tech,positive,15356
technews,negative,20639
technews,neutral,159080
technews,positive,39132
technology,negative,339022
technology,neutral,2134213
technology,positive,622408
webdev,negative,45024
webdev,neutral,367002
webdev,positive,153064
